name,url,logo
Van Lanschot Kempen, https://www.vanlanschotkempen.com/, /assets/images/companies/vlk.png
Domino's Pizza Enterprises Limited, https://www.dominos.com.au/,/assets/images/companies/dominos.jpg
Rabobank, https://www.rabobank.com/,/assets/images/companies/rabobank.png
CXO-Cockpit,https://www.cxo-cockpit.com/,/assets/images/companies/cxo.png
All Options,https://www.alloptions.nl/,/assets/images/companies/alloptions.png
EPAM Systems, https://www.epam.com/,/assets/images/companies/epam.png
Parus Media, http://mediaidea.ru/,/assets/images/companies/parusmedia.png
Laboratory Internet,https://internetlab.ru/,/assets/images/companies/internetlab.svg
Smartbooks.AI,https://www.smartbooks.ai,/assets/images/companies/smartbooks.png
10x.nl,https://10x.nl,/assets/images/companies/10xnl.png
